position,x,y,z
left,0.19405027,0.04808347,-0.00057895
right,0.18312867,-0.06449429,-0.00224283
center,0.16906805,0.00038658,0.02450542
